INSERT INTO TIPO_ATAQUES (ID_TIPO_ATAQUES, NOMBRE) VALUES ('IS', 'MALWARE');

INSERT INTO TIPO_ATAQUES (ID_TIPO_ATAQUES, NOMBRE) VALUES ('CM', 'VIRUS');

INSERT INTO TIPO_ATAQUES (ID_TIPO_ATAQUES, NOMBRE) VALUES ('FSI', 'GUSANOS');

INSERT INTO TIPO_ATAQUES (ID_TIPO_ATAQUES, NOMBRE) VALUES ('PDC', 'TROYANOS');

INSERT INTO TIPO_ATAQUES (ID_TIPO_ATAQUES, NOMBRE) VALUES ('EHD', 'SPYWARE');

INSERT INTO TIPO_ATAQUES (ID_TIPO_ATAQUES, NOMBRE) VALUES ('PCP', 'ADWARE');

INSERT INTO TIPO_ATAQUES (ID_TIPO_ATAQUES, NOMBRE) VALUES ('DS', 'RANSOMWARE');

INSERT INTO TIPO_ATAQUES (ID_TIPO_ATAQUES, NOMBRE) VALUES ('SD', 'DOXING');

INSERT INTO TIPO_ATAQUES (ID_TIPO_ATAQUES, NOMBRE) VALUES ('ISQ', 'PHISHING');

INSERT INTO TIPO_ATAQUES (ID_TIPO_ATAQUES, NOMBRE) VALUES ('XSC', 'WHALING');

INSERT INTO TIPO_ATAQUES (ID_TIPO_ATAQUES, NOMBRE) VALUES ('WCB', 'MALWARE');

INSERT INTO TIPO_PUERTO (ID_TIPO_PUERTO, NOMBRE) VALUES ('T', 'TCP');

INSERT INTO TIPO_PUERTO (ID_TIPO_PUERTO, NOMBRE) VALUES ('U', 'UDP');

INSERT INTO ATAQUES (ID_ATAQUES, NOMBRE) VALUES ('IS', 'INGENIERíA SOCIAL');

INSERT INTO ATAQUES (ID_ATAQUES, NOMBRE) VALUES ('CM', 'COLABORADORES MALINTENCIONADOS');

INSERT INTO ATAQUES (ID_ATAQUES, NOMBRE) VALUES ('FSI', 'FALLAS DE SEGURIDAD EN LOS SISTEMAS INFORMáTICOS');

INSERT INTO ATAQUES (ID_ATAQUES, NOMBRE) VALUES ('PDC', 'PROPAGACIóN DE DATOS CONFIDENCIALES');

INSERT INTO ATAQUES (ID_ATAQUES, NOMBRE) VALUES ('EHD', 'EXTRAVíO O HURTO DE DISPOSITIVOS ELECTRóNICOS');

INSERT INTO ATAQUES (ID_ATAQUES, NOMBRE) VALUES ('PCP', 'POCO CONTROL POR PARTE DE TERCEROS');

INSERT INTO ATAQUES (ID_ATAQUES, NOMBRE) VALUES ('DS', 'DENEGACION DE SIRVICIOS');

INSERT INTO ATAQUES (ID_ATAQUES, NOMBRE) VALUES ('SD', 'SECUESTRO DE DATOS');

INSERT INTO ATAQUES (ID_ATAQUES, NOMBRE) VALUES ('ISQ', 'INYECCIÓN SQL');

INSERT INTO ATAQUES (ID_ATAQUES, NOMBRE) VALUES ('XSC', 'XSS O CROSS SITE SCRIPTING');

INSERT INTO ATAQUES (ID_ATAQUES, NOMBRE) VALUES ('WCB', 'WHALING O "CAZA DE BALLENAS"');

INSERT INTO VULNERABILIDAD (ID_VULNERABILIDAD, DESCRPCION, IP_V4) VALUES (1, 'EL COMANDO DROPBEARCONVERT EN DROPBEAR SSH, PERMITE A LOS ATACANTES EJECUTAR CóDIGO ARBITRARIO A TRAVéS DE UN ARCHIVO DE CLAVE OPENSSH DISEñADO.', '62.223.168.80');

INSERT INTO VULNERABILIDAD (ID_VULNERABILIDAD, DESCRPCION, IP_V4) VALUES (2, 'UNA FUNCIóN DESCONOCIDA DEL COMPONENTE DBCLIENT ES AFECTADA POR ESTA VULNERABILIDAD', '22.203.40.102');

INSERT INTO VULNERABILIDAD (ID_VULNERABILIDAD, DESCRPCION, IP_V4) VALUES (3, 'ALGUNAS FUNCIONES DESCONOCIDAS DEL COMPONENTE DBCLIENT/SERVER ESTáN AFECTADAS', '190.10.52.40');

INSERT INTO VULNERABILIDAD (ID_VULNERABILIDAD, DESCRPCION, IP_V4) VALUES (4, 'PERMITE QUE UN ATACANTE REMOTO DETERMINE QUé DOMINIOS SE HAN RESUELTO RECIENTEMENTE A TRAVéS DE ESTE SERVIDOR DE NOMBRES Y, POR LO TANTO, QUé HOSTS SE HAN VISITADO RECIENTEMENTE.', '100.194.86.212');

INSERT INTO VULNERABILIDAD (ID_VULNERABILIDAD, DESCRPCION, IP_V4) VALUES (5, 'EL SERVIDOR DNS DE MICROSOFT ESCUCHANDO EN EL HOST REMOTO QUE PERTENECE A UNA VERSIóN NO COMPATIBLE DE WINDOWS. ', '34.117.112.57');

INSERT INTO VULNERABILIDAD (ID_VULNERABILIDAD, DESCRPCION, IP_V4) VALUES (6, 'EL SERVIDOR DHCP REMOTO PUEDE EXPONER INFORMACIóN SOBRE LA RED ASOCIADA', '188.88.105.2');

INSERT INTO VULNERABILIDAD (ID_VULNERABILIDAD, DESCRPCION, IP_V4) VALUES (7, 'LA VERSIóN REMOTA DE MICROSOFT WINDOWS LE FALTA UN PAQUETE DE SERVICIO O YA NO ES COMPATIBLE', '109.89.77.4');

INSERT INTO VULNERABILIDAD (ID_VULNERABILIDAD, DESCRPCION, IP_V4) VALUES (8, 'UN ATACANTE REMOTO NO AUTENTICADO PUEDE APROVECHAR ESTO PARA REALIZAR ATAQUES DE INTERMEDIARIO CONTRA EL SERVIDOR SMB. ESTA VULNERABILIDAD ES APROVECHADA POR EL PROTOCOLO SMB, EN EL PUERTO 445 DEL SERVIDOR', '139.83.34.116');

INSERT INTO VULNERABILIDAD (ID_VULNERABILIDAD, DESCRPCION, IP_V4) VALUES (9, 'UN ATACANTE REMOTO NO AUTENTICADO PUEDE APROVECHAR ESTO PARA REALIZAR ATAQUES DE INTERMEDIARIO CONTRA EL SERVIDOR SMB (SERVER MESSAGE BLOCK ES UN PROTOCOLO DE RED QUE PERMITE COMPARTIR ARCHIVOS, IMPRESORAS, ETCéTERA, ENTRE NODOS DE UNA RED DE COMPUTADORAS QUE USAN EL SISTEMA OPERATIVO MICROSOFT WINDOWS)', '125.14.62.135');

INSERT INTO VULNERABILIDAD (ID_VULNERABILIDAD, DESCRPCION, IP_V4) VALUES (10, 'VULNERABILIDAD EN LA RESOLUCIóN DE DNS PODRíA PERMITIR LA EJECUCIóN REMOTA DE CóDIGO. EL HOST REMOTO ES VULNERABLE A UNA SATURACIóN DE BúFER EN EL SERVICIO DE CLIENTE. ', '151.191.41.135');

INSERT INTO VULNERABILIDAD (ID_VULNERABILIDAD, DESCRPCION, IP_V4) VALUES (11, 'LA VERSIóN REMOTA DE MICROSOFT WINDOWS INSTALADA LE HACE FALTA UN PAQUETE DE SERVICIO O YA NO ES COMPATIBLE.', '183.37.144.44');

INSERT INTO VULNERABILIDAD (ID_VULNERABILIDAD, DESCRPCION, IP_V4) VALUES (12, 'EL HOST REMOTO DE WINDOWS LE FALTA UNA ACTUALIZACIóN DE SEGURIDAD.', '251.147.95.98');

INSERT INTO VULNERABILIDAD (ID_VULNERABILIDAD, DESCRPCION, IP_V4) VALUES (13, 'EL HOST REMOTO DE WINDOWS SE VE AFECTADO POR UNA VULNERABILIDAD DE ELEVACIóN DE PRIVILEGIOS EN LOS PROTOCOLOS DEL ADMINISTRADOR DE CUENTAS DE SEGURIDAD (SAM) Y LA AUTORIDAD DE SEGURIDAD LOCAL (POLíTICA DE DOMINIO) (LSAD) DEBIDO A UNA NEGOCIACIóN INCORRECTA DEL NIVEL DE AUTENTICACIóN EN LOS CANALES DE LLAMADA A PROCEDIMIENTO REMOTO (RPC).', '253.128.79.183');

INSERT INTO VULNERABILIDAD (ID_VULNERABILIDAD, DESCRPCION, IP_V4) VALUES (14, 'UN ATACANTE REMOTO NO AUTENTICADO PUEDE APROVECHAR ESTO PARA REALIZAR ATAQUES DE INTERMEDIARIO CONTRA EL SERVIDOR SMB', '132.111.166.98');

INSERT INTO VULNERABILIDAD (ID_VULNERABILIDAD, DESCRPCION, IP_V4) VALUES (15, 'UN ATACANTE REMOTO NO AUTENTICADO PUEDE APROVECHAR ESTO PARA REALIZAR ATAQUES DE INTERMEDIARIO CONTRA EL SERVIDOR SMB', '245.172.92.13');

INSERT INTO VULNERABILIDAD (ID_VULNERABILIDAD, DESCRPCION, IP_V4) VALUES (16, 'GENERALMENTE SE DEBE A QUE EL CERTIFICADO EN LA PARTE SUPERIOR DE LA CADENA DE CERTIFICADOS ESTá FIRMADO POR UNA AUTORIDAD DE CERTIFICACIóN DESCONOCIDA.', '244.42.225.43');

INSERT INTO SERVIDORES (ID_VULNERABILIDAD, NOMBRE, IP) VALUES (13, 'Aí,249', '225.147.139.0');

INSERT INTO SERVIDORES (ID_VULNERABILIDAD, NOMBRE, IP) VALUES (1, 'VéNUS,250', '151.228.164.70');

INSERT INTO SERVIDORES (ID_VULNERABILIDAD, NOMBRE, IP) VALUES (1, 'Wá,251', '77.224.7.227');

INSERT INTO SERVIDORES (ID_VULNERABILIDAD, NOMBRE, IP) VALUES (11, 'NéHéMIE,252', '196.96.161.21');

INSERT INTO SERVIDORES (ID_VULNERABILIDAD, NOMBRE, IP) VALUES (2, 'Yú,253', '89.189.29.157');

INSERT INTO SERVIDORES (ID_VULNERABILIDAD, NOMBRE, IP) VALUES (12, 'AMéLIE,254', '50.110.142.23');

INSERT INTO SERVIDORES (ID_VULNERABILIDAD, NOMBRE, IP) VALUES (15, 'Uò,255', '28.98.227.220');

INSERT INTO SERVIDORES (ID_VULNERABILIDAD, NOMBRE, IP) VALUES (14, 'PERSONNALISéE,256', '45.3.36.132');

INSERT INTO SERVIDORES (ID_VULNERABILIDAD, NOMBRE, IP) VALUES (14, 'LéA,257', '242.209.196.15');

INSERT INTO SERVIDORES (ID_VULNERABILIDAD, NOMBRE, IP) VALUES (2, 'STYRBJöRN,258', '118.46.163.60');

INSERT INTO SERVIDORES (ID_VULNERABILIDAD, NOMBRE, IP) VALUES (4, 'YóU,259', '233.93.163.159');

INSERT INTO SERVIDORES (ID_VULNERABILIDAD, NOMBRE, IP) VALUES (5, 'DAPHNéE,260', '155.47.104.33');

INSERT INTO SERVIDORES (ID_VULNERABILIDAD, NOMBRE, IP) VALUES (11, 'RUò,261', '209.161.155.41');

INSERT INTO SERVIDORES (ID_VULNERABILIDAD, NOMBRE, IP) VALUES (7, 'MARIE-JOSéE,262', '99.123.183.192');

INSERT INTO SERVIDORES (ID_VULNERABILIDAD, NOMBRE, IP) VALUES (8, 'GAëLLE,263', '174.215.221.31');

INSERT INTO SERVIDORES (ID_VULNERABILIDAD, NOMBRE, IP) VALUES (11, 'FRANçOISE,264', '224.251.55.95');

INSERT INTO SERVIDORES (ID_VULNERABILIDAD, NOMBRE, IP) VALUES (2, 'CéLINE,265', '217.159.38.145');

INSERT INTO SERVIDORES (ID_VULNERABILIDAD, NOMBRE, IP) VALUES (8, 'KéVINA,266', '23.8.131.212');

INSERT INTO SERVIDORES (ID_VULNERABILIDAD, NOMBRE, IP) VALUES (4, 'FèI,267', '169.240.80.133');

INSERT INTO SERVIDORES (ID_VULNERABILIDAD, NOMBRE, IP) VALUES (15, 'CAMéLIA,268', '117.89.18.204');

INSERT INTO SERVICIOS (ID_SERVICIOS, NOMBRE) VALUES (4, '44768IFI2J');

INSERT INTO SERVICIOS (ID_SERVICIOS, NOMBRE) VALUES (2, 'RS34IO86UI');

INSERT INTO SERVICIOS (ID_SERVICIOS, NOMBRE) VALUES (12, '6B05H244 F');

INSERT INTO SERVICIOS (ID_SERVICIOS, NOMBRE) VALUES (14, '0DFYWO II5');

INSERT INTO SERVICIOS (ID_SERVICIOS, NOMBRE) VALUES (6, 'AKBJ344TNX');

INSERT INTO SERVICIOS (ID_SERVICIOS, NOMBRE) VALUES (3, 'G7PK71 L97');

INSERT INTO SERVICIOS (ID_SERVICIOS, NOMBRE) VALUES (15, '8H56RXWQDH');

INSERT INTO SERVICIOS (ID_SERVICIOS, NOMBRE) VALUES (8, 'YKAX3X73T0');

INSERT INTO SERVICIOS (ID_SERVICIOS, NOMBRE) VALUES (7, 'S DER QPA8');

INSERT INTO SERVICIOS (ID_SERVICIOS, NOMBRE) VALUES (11, 'ET2E5JXM0K');

INSERT INTO SERVICIOS (ID_SERVICIOS, NOMBRE) VALUES (13, 'V78JRPICU8');

INSERT INTO SERVICIOS (ID_SERVICIOS, NOMBRE) VALUES (16, 'HQL8HEOVDR');

INSERT INTO SERVICIOS (ID_SERVICIOS, NOMBRE) VALUES (10, 'V7XEH4IWC7');

INSERT INTO SERVICIOS (ID_SERVICIOS, NOMBRE) VALUES (9, 'DEJPYWB11I');

INSERT INTO SERVICIOS (ID_SERVICIOS, NOMBRE) VALUES (1, 'KBEMHO4QEC');

INSERT INTO SERVICIOS (ID_SERVICIOS, NOMBRE) VALUES (19, '2DHAR 4JJU');

INSERT INTO SERVICIOS (ID_SERVICIOS, NOMBRE) VALUES (0, 'KH78M15Y1P');

INSERT INTO SERVICIOS (ID_SERVICIOS, NOMBRE) VALUES (5, 'CO SGLO6NL');

INSERT INTO SERVICIOS (ID_SERVICIOS, NOMBRE) VALUES (17, 'Y43XR OJOO');

INSERT INTO SERVICIOS (ID_SERVICIOS, NOMBRE) VALUES (18, 'I4A0SR8QOS');

INSERT INTO EQUIPOS (ID_EQUIPOS, ID_VULNERABILIDAD, NOMBRE, USUARIO, SISTEMA_OPERATIVO, IP_V4) VALUES ('CB-17-E9-ED-4C-7B', 14, 'YáO,1', 'YáO', 'UNIX', '62.223.168.80');

INSERT INTO EQUIPOS (ID_EQUIPOS, ID_VULNERABILIDAD, NOMBRE, USUARIO, SISTEMA_OPERATIVO, IP_V4) VALUES ('97-E5-D9-B7-26-73', 6, 'YóU,2', 'YóU', 'SOLARIS', '22.203.40.102');

INSERT INTO EQUIPOS (ID_EQUIPOS, ID_VULNERABILIDAD, NOMBRE, USUARIO, SISTEMA_OPERATIVO, IP_V4) VALUES ('59-CA-4A-3C-94-15', 6, 'DANIèLE,3', 'DANIèLE', 'FREEBSD', '190.10.52.40');

INSERT INTO EQUIPOS (ID_EQUIPOS, ID_VULNERABILIDAD, NOMBRE, USUARIO, SISTEMA_OPERATIVO, IP_V4) VALUES ('67-70-54-CF-62-67', 11, 'AMéLIE,4', 'AMéLIE', 'OPENBSD', '100.194.86.212');

INSERT INTO EQUIPOS (ID_EQUIPOS, ID_VULNERABILIDAD, NOMBRE, USUARIO, SISTEMA_OPERATIVO, IP_V4) VALUES ('BC-3B-BF-CD-D6-87', 1, 'Kù,5', 'Kù', 'WINDOWS', '34.117.112.57');

INSERT INTO EQUIPOS (ID_EQUIPOS, ID_VULNERABILIDAD, NOMBRE, USUARIO, SISTEMA_OPERATIVO, IP_V4) VALUES ('EB-0E-F9-CD-52-0E', 1, 'VéRANE,6', 'VéRANE', 'MAC OS', '188.88.105.2');

INSERT INTO EQUIPOS (ID_EQUIPOS, ID_VULNERABILIDAD, NOMBRE, USUARIO, SISTEMA_OPERATIVO, IP_V4) VALUES ('17-35-62-26-D8-AE', 10, 'MYLèNE,7', 'MYLèNE', 'UNIX', '109.89.77.4');

INSERT INTO EQUIPOS (ID_EQUIPOS, ID_VULNERABILIDAD, NOMBRE, USUARIO, SISTEMA_OPERATIVO, IP_V4) VALUES ('E6-51-93-6B-C9-F3', 3, 'MAïLIS,8', 'MAïLIS', 'SOLARIS', '139.83.34.116');

INSERT INTO EQUIPOS (ID_EQUIPOS, ID_VULNERABILIDAD, NOMBRE, USUARIO, SISTEMA_OPERATIVO, IP_V4) VALUES ('01-6D-3D-88-30-34', 12, 'VéRANE,9', 'VéRANE', 'FREEBSD', '125.14.62.135');

INSERT INTO EQUIPOS (ID_EQUIPOS, ID_VULNERABILIDAD, NOMBRE, USUARIO, SISTEMA_OPERATIVO, IP_V4) VALUES ('A3-20-6F-A5-82-55', 3, 'BöRJE,10', 'BöRJE', 'OPENBSD', '151.191.41.135');

INSERT INTO EQUIPOS (ID_EQUIPOS, ID_VULNERABILIDAD, NOMBRE, USUARIO, SISTEMA_OPERATIVO, IP_V4) VALUES ('41-AE-D1-F7-76-83', 15, 'MéLANIE,11', 'MéLANIE', 'WINDOWS', '183.37.144.44');

INSERT INTO EQUIPOS (ID_EQUIPOS, ID_VULNERABILIDAD, NOMBRE, USUARIO, SISTEMA_OPERATIVO, IP_V4) VALUES ('6A-DE-DC-26-BA-8D', 6, 'Jú,12', 'Jú', 'MAC OS', '251.147.95.98');

INSERT INTO EQUIPOS (ID_EQUIPOS, ID_VULNERABILIDAD, NOMBRE, USUARIO, SISTEMA_OPERATIVO, IP_V4) VALUES ('BB-16-38-1A-42-58', 14, 'SOLèNE,13', 'SOLèNE', 'UNIX', '253.128.79.183');

INSERT INTO EQUIPOS (ID_EQUIPOS, ID_VULNERABILIDAD, NOMBRE, USUARIO, SISTEMA_OPERATIVO, IP_V4) VALUES ('31-A5-E4-3D-88-5C', 1, 'MéGANE,14', 'MéGANE', 'SOLARIS', '132.111.166.98');

INSERT INTO EQUIPOS (ID_EQUIPOS, ID_VULNERABILIDAD, NOMBRE, USUARIO, SISTEMA_OPERATIVO, IP_V4) VALUES ('37-8C-6E-3C-7A-33', 9, 'PéLAGIE,15', 'PéLAGIE', 'FREEBSD', '245.172.92.13');

INSERT INTO EQUIPOS (ID_EQUIPOS, ID_VULNERABILIDAD, NOMBRE, USUARIO, SISTEMA_OPERATIVO, IP_V4) VALUES ('47-44-36-C2-FA-B8', 4, 'LèI,16', 'LèI', 'OPENBSD', '244.42.225.43');

INSERT INTO EQUIPOS (ID_EQUIPOS, ID_VULNERABILIDAD, NOMBRE, USUARIO, SISTEMA_OPERATIVO, IP_V4) VALUES ('1F-70-C1-16-37-2B', 10, 'GéRALD,17', 'GéRALD', 'WINDOWS', '42.217.87.167');

INSERT INTO EQUIPOS (ID_EQUIPOS, ID_VULNERABILIDAD, NOMBRE, USUARIO, SISTEMA_OPERATIVO, IP_V4) VALUES ('C3-8C-73-1C-35-6A', 15, 'YáO,18', 'YáO', 'MAC OS', '69.120.170.49');

INSERT INTO EQUIPOS (ID_EQUIPOS, ID_VULNERABILIDAD, NOMBRE, USUARIO, SISTEMA_OPERATIVO, IP_V4) VALUES ('8B-BC-E2-77-7B-CE', 5, 'MAïLYS,19', 'MAïLYS', 'UNIX', '149.86.155.177');

INSERT INTO EQUIPOS (ID_EQUIPOS, ID_VULNERABILIDAD, NOMBRE, USUARIO, SISTEMA_OPERATIVO, IP_V4) VALUES ('C5-1A-EB-9E-DB-EF', 9, 'GAëLLE,20', 'GAëLLE', 'SOLARIS', '109.65.62.240');

INSERT INTO APLICACIONES (ID_APLICACIONES, ID_VULNERABILIDAD, NOMBRE) VALUES ('LHQWOMLJ1X', 8, '6EKHD MA6P6IIB8T');

INSERT INTO APLICACIONES (ID_APLICACIONES, ID_VULNERABILIDAD, NOMBRE) VALUES ('5X3RNU1058', 1, 'GIBNJ10E9I242VL6');

INSERT INTO APLICACIONES (ID_APLICACIONES, ID_VULNERABILIDAD, NOMBRE) VALUES ('TX 2D4CTTH', 5, 'PLW9YQ04TBAYY4T8');

INSERT INTO APLICACIONES (ID_APLICACIONES, ID_VULNERABILIDAD, NOMBRE) VALUES ('KM0DBDHR8E', 15, 'A3O4L5V11D UTC1H');

INSERT INTO APLICACIONES (ID_APLICACIONES, ID_VULNERABILIDAD, NOMBRE) VALUES ('UA9LONMYWM', 3, 'OHH0D93GWVRTUUO ');

INSERT INTO APLICACIONES (ID_APLICACIONES, ID_VULNERABILIDAD, NOMBRE) VALUES ('MK3IUMBPR8', 12, 'K9W1XMNUNHXXX MN');

INSERT INTO APLICACIONES (ID_APLICACIONES, ID_VULNERABILIDAD, NOMBRE) VALUES ('EI30JK1L U', 3, 'SOSBN5HN8S8KIBDN');

INSERT INTO APLICACIONES (ID_APLICACIONES, ID_VULNERABILIDAD, NOMBRE) VALUES ('9VRBF0Q3UC', 14, 'TU9N0SHNNW610DD3');

INSERT INTO APLICACIONES (ID_APLICACIONES, ID_VULNERABILIDAD, NOMBRE) VALUES ('VY4FRT3RQ1', 3, 'A7 TOOQNFEBVXJI7');

INSERT INTO APLICACIONES (ID_APLICACIONES, ID_VULNERABILIDAD, NOMBRE) VALUES (' DBHVBH1GH', 10, 'LGRGK6SWOU3UNSFK');

INSERT INTO APLICACIONES (ID_APLICACIONES, ID_VULNERABILIDAD, NOMBRE) VALUES ('F1KTLJIIET', 15, 'STKPLKONLLUJMFAL');

INSERT INTO APLICACIONES (ID_APLICACIONES, ID_VULNERABILIDAD, NOMBRE) VALUES ('I15OW4TYTS', 14, 'XMAVXYRB3JEH5C J');

INSERT INTO APLICACIONES (ID_APLICACIONES, ID_VULNERABILIDAD, NOMBRE) VALUES ('PE172MNQYU', 6, '05F8W F8NO9QJB0S');

INSERT INTO APLICACIONES (ID_APLICACIONES, ID_VULNERABILIDAD, NOMBRE) VALUES ('30UK502GQJ', 2, 'ESGX3YOUEO93HP0G');

INSERT INTO APLICACIONES (ID_APLICACIONES, ID_VULNERABILIDAD, NOMBRE) VALUES ('280XK7HYWO', 12, 'F3G21XQAE OT5  O');

INSERT INTO APLICACIONES (ID_APLICACIONES, ID_VULNERABILIDAD, NOMBRE) VALUES ('N8Y0 KBPOQ', 5, 'U9DQA3VX1OTD7NH6');

INSERT INTO APLICACIONES (ID_APLICACIONES, ID_VULNERABILIDAD, NOMBRE) VALUES ('X4QQCX 0S7', 15, 'X6YJNIR954KV38YX');

INSERT INTO APLICACIONES (ID_APLICACIONES, ID_VULNERABILIDAD, NOMBRE) VALUES (' JIMV7EV8T', 7, 'XYV6YGTMFTK 7SKG');

INSERT INTO APLICACIONES (ID_APLICACIONES, ID_VULNERABILIDAD, NOMBRE) VALUES ('G8QQRX7CBG', 5, 'LS1KICK7 2WBRBKJ');

INSERT INTO APLICACIONES (ID_APLICACIONES, ID_VULNERABILIDAD, NOMBRE) VALUES ('7R0RI CCNI', 10, 'BFBUEKR37OVQ96T7');

INSERT INTO ACTULIZACION (ID_ATUALIZACION, ID_EQUIPOS, NOMBRE) VALUES ('ACT', '31-A5-E4-3D-88-5C', 'ACTUALIZADO');

INSERT INTO ACTULIZACION (ID_ATUALIZACION, ID_EQUIPOS, NOMBRE) VALUES ('DES', '31-A5-E4-3D-88-5C', 'DESACTUALIZADO');

INSERT INTO ANTIVIRUS (ID_ANTIVIRUS, ID_SERVICIOS, ID_EQUIPOS, NOMBRE, PARCHES_SEGURIDAD) VALUES (18, 13, 'A3-20-6F-A5-82-55', 'H4 2DJG98EFVXCH2K1YX', '0K157683IO');

INSERT INTO ANTIVIRUS (ID_ANTIVIRUS, ID_SERVICIOS, ID_EQUIPOS, NOMBRE, PARCHES_SEGURIDAD) VALUES (13, 10, '1F-70-C1-16-37-2B', '42PKKN5ANCI9H51ET4G9', '5DV3TOSLYL');

INSERT INTO ANTIVIRUS (ID_ANTIVIRUS, ID_SERVICIOS, ID_EQUIPOS, NOMBRE, PARCHES_SEGURIDAD) VALUES (17, 2, 'C3-8C-73-1C-35-6A', 'BX9AM4V1QFN RE 4GNBB', 'C49NNGCAA4');

INSERT INTO ANTIVIRUS (ID_ANTIVIRUS, ID_SERVICIOS, ID_EQUIPOS, NOMBRE, PARCHES_SEGURIDAD) VALUES (3, 19, 'EB-0E-F9-CD-52-0E', '9YHLVVVIJEIFG7GGJI2E', 'I330P0KT71');

INSERT INTO ANTIVIRUS (ID_ANTIVIRUS, ID_SERVICIOS, ID_EQUIPOS, NOMBRE, PARCHES_SEGURIDAD) VALUES (8, 0, 'CB-17-E9-ED-4C-7B', 'A1MNTSAJIJLGL S2XUG7', 'XT73F7UFLN');

INSERT INTO ANTIVIRUS (ID_ANTIVIRUS, ID_SERVICIOS, ID_EQUIPOS, NOMBRE, PARCHES_SEGURIDAD) VALUES (10, 11, 'EB-0E-F9-CD-52-0E', 'EDTMTLTUI23LLBT1562O', 'SPKC749S6A');

INSERT INTO ANTIVIRUS (ID_ANTIVIRUS, ID_SERVICIOS, ID_EQUIPOS, NOMBRE, PARCHES_SEGURIDAD) VALUES (6, 1, 'E6-51-93-6B-C9-F3', '2KFQKNAW7KKWFJWWKEFI', '8JB7Y7WJ0V');

INSERT INTO ANTIVIRUS (ID_ANTIVIRUS, ID_SERVICIOS, ID_EQUIPOS, NOMBRE, PARCHES_SEGURIDAD) VALUES (14, 10, 'E6-51-93-6B-C9-F3', 'MS7E45OO7HDHO78QG K6', 'L QKRSJLK5');

INSERT INTO ANTIVIRUS (ID_ANTIVIRUS, ID_SERVICIOS, ID_EQUIPOS, NOMBRE, PARCHES_SEGURIDAD) VALUES (7, 8, '01-6D-3D-88-30-34', 'DM8GT3SUAU69842S1UKG', '448WJP6 8D');

INSERT INTO ANTIVIRUS (ID_ANTIVIRUS, ID_SERVICIOS, ID_EQUIPOS, NOMBRE, PARCHES_SEGURIDAD) VALUES (16, 9, '47-44-36-C2-FA-B8', '21JW41J2IQPKLFVGM1 I', 'PCO3SBP WE');

INSERT INTO ANTIVIRUS (ID_ANTIVIRUS, ID_SERVICIOS, ID_EQUIPOS, NOMBRE, PARCHES_SEGURIDAD) VALUES (0, 0, 'A3-20-6F-A5-82-55', 'ELVWV0LN0H8WJQMUR 2D', 'AKCXS64BS8');

INSERT INTO ANTIVIRUS (ID_ANTIVIRUS, ID_SERVICIOS, ID_EQUIPOS, NOMBRE, PARCHES_SEGURIDAD) VALUES (12, 16, '97-E5-D9-B7-26-73', 'S93OQ FFUFUOR6 7TO30', 'RDTAB4RB77');

INSERT INTO ANTIVIRUS (ID_ANTIVIRUS, ID_SERVICIOS, ID_EQUIPOS, NOMBRE, PARCHES_SEGURIDAD) VALUES (19, 9, '37-8C-6E-3C-7A-33', 'G1IOKXE KH7P3B7I3GX9', '82QXKL5BI9');

INSERT INTO ANTIVIRUS (ID_ANTIVIRUS, ID_SERVICIOS, ID_EQUIPOS, NOMBRE, PARCHES_SEGURIDAD) VALUES (11, 7, '97-E5-D9-B7-26-73', 'ENUN911T JXSEOEWHB0W', 'EY501V06RE');

INSERT INTO ANTIVIRUS (ID_ANTIVIRUS, ID_SERVICIOS, ID_EQUIPOS, NOMBRE, PARCHES_SEGURIDAD) VALUES (5, 1, 'A3-20-6F-A5-82-55', 'UCJWGVYYVSE HUHIW52B', 'QIVT823YFO');

INSERT INTO ANTIVIRUS (ID_ANTIVIRUS, ID_SERVICIOS, ID_EQUIPOS, NOMBRE, PARCHES_SEGURIDAD) VALUES (1, 17, 'CB-17-E9-ED-4C-7B', 'GO8UT8 39 EV 8XWK1LB', '1SGEC49FRY');

INSERT INTO ANTIVIRUS (ID_ANTIVIRUS, ID_SERVICIOS, ID_EQUIPOS, NOMBRE, PARCHES_SEGURIDAD) VALUES (15, 5, '41-AE-D1-F7-76-83', 'SM0Q3YTNSVN3UX1X7JUF', 'TD U2PU V4');

INSERT INTO ANTIVIRUS (ID_ANTIVIRUS, ID_SERVICIOS, ID_EQUIPOS, NOMBRE, PARCHES_SEGURIDAD) VALUES (4, 8, '8B-BC-E2-77-7B-CE', ' 3FPS47 BXAGKQBVYU5M', 'NWLJ19WEG3');

INSERT INTO ANTIVIRUS (ID_ANTIVIRUS, ID_SERVICIOS, ID_EQUIPOS, NOMBRE, PARCHES_SEGURIDAD) VALUES (2, 7, '6A-DE-DC-26-BA-8D', '4N5HY8A7X1I2B9NDHDOT', '4SLDTXJ8OG');

INSERT INTO ANTIVIRUS (ID_ANTIVIRUS, ID_SERVICIOS, ID_EQUIPOS, NOMBRE, PARCHES_SEGURIDAD) VALUES (9, 10, '8B-BC-E2-77-7B-CE', 'AT3GFJUOM0P4QML5XF M', 'QBKYTWC0CA');

INSERT INTO ESTADO_PUERTO (ID_ESTADO_PUERTO, NOMBRE) VALUES ('CR', 'CERRADO');

INSERT INTO ESTADO_PUERTO (ID_ESTADO_PUERTO, NOMBRE) VALUES ('AB', 'ABIERTO');

INSERT INTO PUERTOS (ID_PUERTOS, NOMBRE) VALUES (1, 'TCPMUX	TCP');

INSERT INTO PUERTOS (ID_PUERTOS, NOMBRE) VALUES (5, 'RJE	TCP');

INSERT INTO PUERTOS (ID_PUERTOS, NOMBRE) VALUES (7, 'ECHO	TCP');

INSERT INTO PUERTOS (ID_PUERTOS, NOMBRE) VALUES (9, 'DISCARD	TCP');

INSERT INTO PUERTOS (ID_PUERTOS, NOMBRE) VALUES (11, 'SYSTAT	TCP');

INSERT INTO PUERTOS (ID_PUERTOS, NOMBRE) VALUES (13, 'DAYTIME	TCP');

INSERT INTO PUERTOS (ID_PUERTOS, NOMBRE) VALUES (17, 'QOTD	TCP');

INSERT INTO PUERTOS (ID_PUERTOS, NOMBRE) VALUES (18, 'MSP	TCP');

INSERT INTO PUERTOS (ID_PUERTOS, NOMBRE) VALUES (19, 'CHARGEN	TCP');

INSERT INTO PUERTOS (ID_PUERTOS, NOMBRE) VALUES (20, 'FTPS-DATA	TCP');

INSERT INTO PUERTOS (ID_PUERTOS, NOMBRE) VALUES (21, 'FTP-CONTROL	TCP');

INSERT INTO PUERTOS (ID_PUERTOS, NOMBRE) VALUES (22, 'SSH	TCP');

INSERT INTO PUERTOS (ID_PUERTOS, NOMBRE) VALUES (23, 'TELNET	TCP');

INSERT INTO PUERTOS (ID_PUERTOS, NOMBRE) VALUES (25, 'SMTP	TCP');

INSERT INTO PUERTOS (ID_PUERTOS, NOMBRE) VALUES (37, 'TIME	TCP');

INSERT INTO PUERTOS (ID_PUERTOS, NOMBRE) VALUES (39, 'RLP	TCP');

INSERT INTO PUERTOS (ID_PUERTOS, NOMBRE) VALUES (42, 'NAMESERVER	TCP');

INSERT INTO PUERTOS (ID_PUERTOS, NOMBRE) VALUES (43, 'NICKNAME	TCP');

INSERT INTO PUERTOS (ID_PUERTOS, NOMBRE) VALUES (49, 'TACACS	TCP');

INSERT INTO PUERTOS (ID_PUERTOS, NOMBRE) VALUES (50, 'RE-MAIL-CK	TCP');

